country,winter,min_winter_full,days,storage_stress,storage_at_start,storage_trend_30d,storage_volatility,vol_x_start
AT,2014.0,16.49,151,1,95.67741935483869,-1.7600000000000051,4.021234382009605,-11.012803533258381
AT,2015.0,36.17,152,0,74.72322580645161,1.5499999999999972,5.596115020337677,-0.7612849224682314
AT,2016.0,14.59,151,1,89.32193548387097,-2.8900000000000006,4.284995027362267,-1.1211648115537973
AT,2017.0,14.47,151,1,84.64290322580645,5.019999999999996,10.654360058899325,-19.361233297378277
AT,2018.0,44.0,151,0,72.65709677419356,6.740000000000009,6.7935188545382195,-19.761368774186455
AT,2019.0,73.36,152,0,99.91516129032257,-1.2800000000000011,2.021882708737116,-40.41625961804989
AT,2020.0,24.61,151,1,90.86258064516129,0.269999999999996,1.5045782192952044,-9.821967245227787
AT,2021.0,12.38,151,1,56.13451612903226,2.6099999999999994,6.43290428019509,-28.81745847128756
AT,2022.0,65.85,151,0,86.5167741935484,13.049999999999997,11.174573020802784,-10.773408324532381
AT,2023.0,73.13,152,0,97.23225806451613,4.450000000000003,2.9662529779316937,-22.662413616773115
AT,2024.0,42.97,151,0,93.55258064516133,1.5700000000000074,1.794399628000627,-19.19385815137509
BE,2014.0,17.22,151,1,95.54741935483871,-2.780000000000001,3.9803506282230345,-11.106318151500739
BE,2015.0,16.1,152,1,57.21419354838711,5.420000000000002,8.446863067458802,-90.71933152312018
BE,2016.0,14.25,151,1,84.90774193548386,0.9899999999999949,8.618530681682993,-10.83825112445184
BE,2017.0,2.04,151,1,79.2983870967742,7.070000000000007,7.477416622792359,-17.684568947127392
BE,2018.0,26.04,151,1,52.93645161290323,3.479999999999997,4.548383290994476,35.215225864567834
BE,2019.0,62.67,152,0,97.16258064516128,-0.28000000000000114,3.115944555733782,-21.175696317944343
BE,2020.0,21.38,151,1,97.53516129032258,-0.18999999999999773,0.15428822518087162,-49.04842579502572
BE,2021.0,12.71,151,1,90.5658064516129,5.77000000000001,9.147804181786722,7.70801053897342
BE,2022.0,27.76,151,1,111.68096774193549,11.72999999999999,13.21124250786987,178.35833199094662
BE,2023.0,51.02,152,0,99.39580645161291,6.560000000000002,4.41654443191746,-12.32698774897563
BE,2024.0,30.36,151,0,96.6641935483871,3.8500000000000085,2.567517744007383,-24.483702690950448
BG,2014.0,30.76,151,0,83.32032258064515,4.5,4.714055760209254,4.222383958894704
BG,2015.0,27.17,152,1,77.57645161290324,10.090000000000003,9.157021374302792,-39.2476624100536
BG,2016.0,28.03,151,1,79.88419354838707,4.6499999999999915,4.563902716151702,8.345420627333649
BG,2017.0,26.17,151,1,79.14967741935483,4.5800000000000125,3.558029157503203,18.396610006470063
BG,2018.0,24.87,151,1,84.13322580645163,-0.010000000000005116,5.506764175574729,0.1452222944924293
BG,2019.0,32.47,152,0,98.54548387096773,2.780000000000001,8.069852053154394,25.587474495308008
BG,2020.0,12.37,151,1,96.89096774193548,-2.789999999999992,7.19816424787083,14.026530700021814
BG,2021.0,16.83,151,1,74.11774193548388,4.400000000000006,10.05846370649273,-64.65667878036405
BG,2022.0,77.54,151,0,83.2041935483871,14.299999999999997,11.836282343934828,-32.89379129696403
BG,2023.0,44.27,152,0,96.75677419354837,1.4399999999999977,2.94889895447358,-21.58288795794412
BG,2024.0,34.03,151,0,97.58580645161295,5.930000000000007,5.592005150033617,0.47098120368757634
CZ,2014.0,21.48,151,1,101.01903225806451,-0.19999999999998863,2.7990558779238985,-34.51579056429538
CZ,2015.0,35.88,152,0,95.48161290322581,-4.890000000000001,8.24623397869965,19.0820369173294
CZ,2016.0,27.25,151,1,99.46612903225805,-1.9200000000000017,4.246851936821367,-14.278952432137663
CZ,2017.0,21.37,151,1,96.32677419354839,2.700000000000003,6.072752046290901,4.203059892528466
CZ,2018.0,37.45,151,0,91.09032258064518,3.0,8.418726999649753,7.659743396017172
CZ,2019.0,43.53,152,0,97.5409677419355,-0.01999999999999602,2.3334775129344565,-29.22296855230143
CZ,2020.0,28.25,151,1,97.78935483870968,-1.0800000000000125,2.4969386624714707,-28.48951236985675
CZ,2021.0,24.34,151,1,86.56290322580647,1.1599999999999966,10.128689417977169,-8.561811572927413
CZ,2022.0,55.94,151,0,89.85548387096775,8.460000000000008,4.072722690333771,-2.09388086486836
CZ,2023.0,63.78,152,0,98.0841935483871,1.990000000000009,2.1910187262268335,-32.34061314233635
CZ,2024.0,33.7,151,0,92.95645161290322,-1.5,2.0107259854997754,-15.98124706590518
DE,2014.0,31.89,151,0,94.73258064516129,4.329999999999998,3.7800065328335983,-11.097878817627805
DE,2015.0,51.21,152,0,79.81645161290321,2.1199999999999903,6.027823933500661,-4.196490241710746
DE,2016.0,26.65,151,1,94.97451612903225,0.9300000000000068,4.256696133450721,-8.403635606660854
DE,2017.0,14.18,151,1,90.76935483870969,7.259999999999991,7.599143344846878,4.817820055097276
DE,2018.0,53.55,151,0,84.7041935483871,7.560000000000002,8.161164072222347,-9.76116921465418
DE,2019.0,71.81,152,0,99.00838709677419,0.9200000000000017,3.2262405718135736,-24.48422008651782
DE,2020.0,25.39,151,1,94.81290322580647,-0.4299999999999926,1.5722378271967683,-25.333503918114506
DE,2021.0,24.46,151,1,71.37064516129033,4.189999999999998,7.003903089662809,-24.962032723367173
DE,2022.0,63.58,151,0,95.76483870967742,7.1000000000000085,7.98390803604913,17.92396633396997
DE,2023.0,62.78,152,0,98.06903225806451,3.6099999999999994,2.8362904242666183,-26.069380772921956
DE,2024.0,28.69,151,1,97.18322580645162,1.9699999999999989,2.08391534641794,-30.260384017716564
DK,2014.0,26.08,151,1,96.86612903225806,1.8100000000000023,5.495065401820722,-0.38392991237959057
DK,2015.0,38.52,152,0,83.64548387096774,2.980000000000004,8.801729713815128,-15.599764657989368
DK,2016.0,21.75,151,1,96.96774193548384,31.230000000000004,4.530198525081895,-8.62731629666409
DK,2017.0,13.97,151,1,94.27064516129033,4.840000000000003,10.904643356917873,31.335086077701188
DK,2018.0,54.42,151,0,88.03,9.909999999999997,10.83819668940144,-2.1136802252662408
DK,2019.0,64.12,152,0,97.33741935483872,0.06999999999999318,0.8111404711393084,-42.13180770153078
DK,2020.0,35.07,151,0,94.28967741935482,3.740000000000009,1.4353586596727756,-24.05937657374629
DK,2021.0,36.55,151,0,82.4706451612903,-0.8700000000000045,6.991384839395866,-8.644448897693824
DK,2022.0,71.27,151,0,99.21354838709678,1.9399999999999977,3.1098718898109294,-26.214016205790028
DK,2023.0,57.25,152,0,96.11064516129032,6.109999999999999,4.271890873542496,-9.745561320718526
DK,2024.0,27.1,151,1,70.78903225806452,10.219999999999999,3.0479177640857067,43.97027313663295
ES,2014.0,63.13,151,0,99.69451612903224,1.4300000000000068,1.958942222657516,-40.348936189505636
ES,2015.0,52.95,152,0,76.4490322580645,0.27000000000001023,3.9957994314191816,18.506281952145926
ES,2016.0,55.47,151,0,73.18161290322581,-3.549999999999997,1.457092687897237,62.26230521155048
ES,2017.0,55.42,151,0,76.64161290322582,4.159999999999997,2.1581761500470042,39.869540726921045
ES,2018.0,59.46,151,0,74.80354838709677,2.5,3.7543411011281957,24.338152704822313
ES,2019.0,70.31,152,0,90.67193548387098,5.829999999999998,5.810036191738686,0.6043986866897011
ES,2020.0,59.73,151,0,94.7983870967742,0.09000000000000341,2.5732150134837086,-18.900274169907824
ES,2021.0,57.93,151,0,77.88967741935484,9.189999999999998,3.2568163820389247,24.06918610383487
ES,2022.0,77.99,151,0,92.56096774193547,4.509999999999991,4.775257710819812,-3.1622567530536783
ES,2023.0,78.95,152,0,100.41096774193547,0.0,0.5152999441678856,-60.21269432492022
ES,2024.0,61.23,151,0,100.22354838709673,-0.010000000000005116,0.45204763705531187,-60.01689469396583
FR,2014.0,16.95,151,1,92.10000000000001,3.470000000000013,5.751564537733222,0.7745633586349672
FR,2015.0,21.4,152,1,86.78064516129032,1.019999999999996,7.842607203781724,-3.794542322843
FR,2016.0,19.87,151,1,90.38774193548389,2.4099999999999966,7.289913024866095,3.4265353119569597
FR,2017.0,2.9,151,1,74.52516129032257,1.6799999999999926,5.182611603594068,4.976992738486792
FR,2018.0,24.79,151,1,92.2393548387097,4.570000000000007,10.14669772237074,17.551043820457473
FR,2019.0,29.46,152,1,98.83451612903225,-0.07000000000000739,4.273627304419357,-13.183211439184339
FR,2020.0,17.61,151,1,98.12193548387097,0.9900000000000091,3.3383597851237266,-21.34591307310194
FR,2021.0,18.73,151,1,94.37032258064517,2.3999999999999915,8.579818369780737,18.057195926844198
FR,2022.0,27.47,151,1,98.81838709677419,2.680000000000007,5.314290921891356,-2.3509054229236828
FR,2023.0,36.94,152,0,97.38096774193549,5.659999999999997,6.11758446205992,5.165421587839505
FR,2024.0,21.1,151,1,94.05935483870968,3.089999999999989,4.457573455492473,-6.097670459261308
HR,2014.0,48.87,151,0,92.69225806451614,5.8799999999999955,7.210549747794427,7.119577000632102
HR,2015.0,43.2,152,0,91.6409677419355,-2.240000000000009,4.093359533703313,-4.648413639852994
HR,2016.0,25.78,151,1,92.11838709677419,-2.940000000000012,4.5659691107255505,-3.595693823140472
HR,2017.0,26.85,151,1,92.27193548387096,4.900000000000006,7.542199780441375,7.692161093648824
HR,2018.0,22.24,151,1,89.08322580645158,6.6299999999999955,6.95558995147311,0.9257619193873194
HR,2019.0,27.34,152,1,98.15032258064514,0.8599999999999994,7.571767823799675,19.74595588027394
HR,2020.0,19.92,151,1,95.16161290322582,-0.4299999999999926,6.313564656883952,5.204283524840137
HR,2021.0,16.38,151,1,84.97774193548385,-8.050000000000011,6.2247243610288905,-2.3611833994841214
HR,2022.0,75.57,151,0,95.4464516129032,5.780000000000001,12.71036851463315,50.313811706274805
HR,2023.0,35.79,152,0,96.35709677419355,-0.060000000000002274,0.6599629335484891,-38.69399323533214
HR,2024.0,9.59,151,1,90.80935483870968,1.0100000000000051,4.647320043102392,-2.1262644434388926
HU,2014.0,21.89,151,1,62.45032258064517,7.790000000000006,6.961587138945657,-36.91612288889126
HU,2015.0,17.14,152,1,49.49451612903227,1.970000000000006,6.033221382452985,-19.181115364232355
HU,2016.0,18.54,151,1,56.21258064516129,-2.6799999999999997,4.584998548025206,30.78508177420597
HU,2017.0,20.25,151,1,73.00999999999998,1.4299999999999926,8.915268660051632,-52.03443023434956
HU,2018.0,24.65,151,1,70.7132258064516,-1.2600000000000051,4.981743500233864,9.900038760519175
HU,2019.0,65.83,152,0,97.4709677419355,1.2399999999999949,6.363158443789849,7.43782827185337
HU,2020.0,49.11,151,0,98.17032258064515,-0.480000000000004,3.9153466737353657,-15.831848305771057
HU,2021.0,19.15,151,1,80.67354838709677,-6.319999999999993,2.794510259510932,21.29689675262074
HU,2022.0,44.84,151,0,79.30612903225807,12.079999999999998,9.043558716411287,-31.957264730499006
HU,2023.0,67.32,152,0,96.55064516129033,2.9499999999999886,4.942798547194932,-4.854896917506848
HU,2024.0,36.03,151,0,92.40548387096774,-2.569999999999993,2.803997425203759,-10.881974824605606
IT,2014.0,35.36,151,0,96.74935483870966,1.0499999999999972,3.2083050798892154,-19.40530485572382
IT,2015.0,38.45,152,0,95.39161290322582,2.8599999999999994,6.247375040277527,4.921218677510577
IT,2016.0,39.41,151,0,97.39354838709677,3.5600000000000023,5.826753716813889,2.565510517161027
IT,2017.0,33.48,151,0,96.27612903225808,3.5600000000000023,5.270447801180539,-2.11968850166732
IT,2018.0,37.59,151,0,96.84645161290324,1.9299999999999926,5.450269397412347,-0.7601033116032035
IT,2019.0,42.99,152,0,97.89064516129032,1.9300000000000068,4.9604180346672075,-5.489201261873334
IT,2020.0,36.09,151,0,98.78193548387098,0.7700000000000102,3.6469444327245757,-19.604610715809116
IT,2021.0,29.81,151,1,87.08612903225809,1.9099999999999966,3.7218532628734913,2.4422771004522055
IT,2022.0,56.48,151,0,93.70612903225806,4.670000000000002,6.724425747634937,6.247375096784518
IT,2023.0,56.47,152,0,97.84064516129035,2.3200000000000074,3.143911201107539,-22.55653635991539
IT,2024.0,42.59,151,0,97.65290322580644,2.019999999999996,3.129275843285597,-22.241578298637634
LV,2014.0,33.32,151,0,95.53258064516132,9.090000000000003,15.836800086074588,73.14024124789316
LV,2015.0,25.46,152,1,86.10645161290324,-3.269999999999996,9.178706482758301,-8.449697736283786
LV,2016.0,19.88,151,1,63.747419354838705,-6.0,10.323055529041797,-118.03923329575552
LV,2017.0,16.08,151,1,57.81516129032258,11.790000000000006,14.124466204711593,-262.7858919318822
LV,2018.0,15.14,151,1,55.02,2.8299999999999983,12.114963313703615,-219.6438114699227
LV,2019.0,32.36,152,0,74.26903225806448,2.030000000000001,8.876160021602168,-47.2317994057047
LV,2020.0,26.29,151,1,99.58451612903224,-0.5699999999999932,7.8548280404836355,25.81677320508651
LV,2021.0,24.53,151,1,79.571935483871,-1.2199999999999989,6.300608372821266,-6.7316972858589885
LV,2022.0,33.62,151,0,54.88419354838708,4.859999999999999,2.4588648355797105,103.37516540615445
LV,2023.0,45.39,152,0,88.23322580645161,3.1500000000000057,7.122722343529982,-0.3097228398972946
LV,2024.0,37.29,151,0,78.29967741935482,2.6500000000000057,4.053412212173559,15.063881878601228
NL,2014.0,23.67,151,1,97.3316129032258,-0.27000000000001023,1.5555697881460535,-35.47697022807339
NL,2015.0,30.03,152,0,94.49580645161288,-1.0500000000000114,6.801515510968311,7.649928876040613
NL,2016.0,16.71,151,1,96.95483870967742,-3.519999999999996,4.862799607733058,-5.778571489541124
NL,2017.0,6.19,151,1,95.72677419354842,2.069999999999993,8.48063881477196,21.45599774038744
NL,2018.0,47.64,151,0,93.67903225806452,4.920000000000002,10.916821212274845,28.22556544523596
NL,2019.0,44.29,152,0,96.87193548387094,-4.589999999999989,3.228043272756194,-19.524546850525724
NL,2020.0,22.92,151,1,88.47709677419353,-4.170000000000002,3.6062117115976315,-0.09306297149236083
NL,2021.0,20.28,151,1,60.652580645161294,3.010000000000005,7.637173752203648,-58.236112551958485
NL,2022.0,58.54,151,0,92.39290322580646,-0.030000000000001137,8.53705060434946,11.877799768152903
NL,2023.0,53.41,152,0,97.70548387096775,3.1099999999999994,2.3398130040417007,-29.69181584748004
NL,2024.0,21.01,151,1,91.28774193548387,-3.519999999999996,3.072877786397848,-7.054529492118406
PL,2014.0,46.62,151,0,98.34290322580645,-4.519999999999996,3.8542485095065793,-16.718052545589966
PL,2015.0,32.15,152,0,96.4558064516129,2.0999999999999943,6.496316683278165,7.671605705656356
PL,2016.0,31.13,151,0,98.53064516129028,0.7400000000000091,8.372631709792044,28.60852002774094
PL,2017.0,35.66,151,0,98.6916129032258,0.37000000000000455,8.809412260873165,33.546906304038075
PL,2018.0,41.38,151,0,97.89290322580645,-1.6400000000000006,5.329169499374052,-2.0006780410293006
PL,2019.0,44.26,152,0,100.09096774193546,-0.6599999999999966,4.8596399737179405,-7.940994903943973
PL,2020.0,38.03,151,0,97.92354838709679,-1.5400000000000063,3.7399408488716355,-17.096186598318965
PL,2021.0,57.23,151,0,96.44709677419357,0.14999999999999147,4.553635887974542,-7.913347842220324
PL,2022.0,54.99,151,0,98.29161290322581,0.45000000000000284,0.5221365523269804,-49.494936720950164
PL,2023.0,43.49,152,0,99.22483870967743,-0.09999999999999432,2.7829009644214397,-29.771389437742073
PL,2024.0,42.88,151,0,97.62451612903227,-0.030000000000001137,2.339769051313216,-29.43306193890368
PT,2014.0,50.38,151,0,83.66548387096776,11.47999999999999,4.848239862341434,3.297916900014809
PT,2015.0,29.27,152,1,41.55000000000001,-10.119999999999997,3.689017888784261,86.79889221590636
PT,2016.0,42.07,151,0,48.049354838709675,7.660000000000004,3.3457251984615333,88.627029485349
PT,2017.0,48.76,151,0,68.69709677419355,19.189999999999998,3.8531293700798286,33.29639465082323
PT,2018.0,67.84,151,0,62.931935483870966,11.879999999999995,3.96812040839622,40.09283047292376
PT,2019.0,71.69,152,0,104.29258064516131,2.480000000000004,9.616759370313728,64.6630126859184
PT,2020.0,44.27,151,0,99.4183870967742,-8.260000000000005,3.4074715749851943,-23.441475069276752
PT,2021.0,68.22,151,0,59.211290322580645,17.520000000000003,6.743728543555378,-35.153516612650016
PT,2022.0,104.82,151,0,108.85612903225807,0.9899999999999949,0.6189607999785725,-100.53441649464713
PT,2023.0,85.88,152,0,100.83290322580646,9.820000000000007,5.185625185480978,-4.402707653399326
PT,2024.0,75.22,151,0,102.7377419354839,0.3100000000000023,2.8484556233514082,-38.52080875744663
RO,2017.0,12.51,151,1,70.02411764705884,1.6400000000000006,0.6833104969880952,89.39722543409782
RO,2018.0,10.93,151,1,69.95741935483869,2.430000000000007,7.475746702774577,-35.745743491383905
RO,2019.0,56.92,152,0,93.12645161290322,6.560000000000002,10.846951624791263,24.926543189039794
RO,2020.0,17.45,151,1,93.85193548387095,1.980000000000004,4.3630215351697,-6.385786249748576
RO,2021.0,18.95,151,1,74.16032258064517,1.980000000000004,8.099008928132967,-36.50550272303129
RO,2022.0,41.72,151,0,91.52064516129033,10.36,10.66195975033918,15.83358977990046
RO,2023.0,50.07,152,0,100.65612903225806,4.930000000000007,7.622321396442272,25.45386990891872
RO,2024.0,25.23,151,1,102.81741935483872,1.1499999999999915,5.701176194435672,2.310869571132629
SK,2014.0,20.34,151,1,92.94225806451614,1.0899999999999892,2.1435571058796845,-15.331643102294098
SK,2015.0,27.09,152,1,76.59612903225809,7.049999999999997,9.319961006948269,-44.720992634254735
SK,2016.0,16.35,151,1,96.48000000000002,-2.510000000000005,5.190187149486195,-2.82093821212509
SK,2017.0,4.51,151,1,88.62870967741938,4.549999999999997,12.05442929872056,1.3009701903343276
SK,2018.0,27.6,151,1,65.25516129032256,5.890000000000008,8.162910031035594,-60.76964582067001
SK,2019.0,76.65,152,0,98.32322580645163,-3.3700000000000045,4.488917834049643,-10.405299760253975
SK,2020.0,41.79,151,0,93.50967741935482,0.9400000000000119,1.7320414517302574,-19.34995798696718
SK,2021.0,17.25,151,1,72.08774193548388,-1.0799999999999983,6.010680391107563,-7.682186591235995
SK,2022.0,58.19,151,0,90.66806451612906,3.0700000000000074,7.212141261306085,3.7427785614240614
SK,2023.0,68.7,152,0,98.00548387096775,1.9699999999999989,1.980405386059527,-34.093909179832174
SK,2024.0,35.3,151,0,95.51612903225806,-0.6899999999999977,2.5617593634462903,-21.11125720387645
